Location,Day,Sale Hour,Sales
489,2/2/21,0,12.0
489,2/2/21,1,5.0
489,2/2/21,2,0.0
489,2/2/21,3,0.0
489,2/2/21,4,0.0
489,2/2/21,5,12.0
489,2/2/21,6,3790.0
489,2/2/21,7,5639.0
489,2/2/21,8,6649.0
489,2/2/21,9,16379.0
489,2/2/21,10,14160.0
489,2/2/21,11,19960.0
489,2/2/21,12,17033.0
489,2/2/21,13,16998.0
489,2/2/21,14,19647.0
489,2/2/21,15,30423.0
489,2/2/21,16,23431.0
489,2/2/21,17,4707.0
489,2/2/21,18,6002.0
489,2/2/21,19,4169.0
489,2/2/21,20,2560.0
489,2/2/21,21,75.0
489,2/2/21,22,25.0
489,2/2/21,23,0.0
489,2/3/21,0,3.0
489,2/3/21,1,0.0
489,2/3/21,2,0.0
489,2/3/21,3,0.0
489,2/3/21,4,15.0
489,2/3/21,5,0.0
489,2/3/21,6,1718.0
489,2/3/21,7,5101.0
489,2/3/21,8,15245.0
489,2/3/21,9,7612.0
489,2/3/21,10,16110.0
489,2/3/21,11,18244.0
489,2/3/21,12,15066.0
489,2/3/21,13,2768.0
489,2/3/21,14,10565.0
489,2/3/21,15,7344.0
489,2/3/21,16,17524.0
489,2/3/21,17,17724.0
489,2/3/21,18,11390.0
489,2/3/21,19,480.0
489,2/3/21,20,3407.0
489,2/3/21,21,12.0
489,2/3/21,22,0.0
489,2/3/21,23,18.0
489,2/4/21,0,750.0
489,2/4/21,1,120.0
489,2/4/21,2,0.0
489,2/4/21,3,20.0
489,2/4/21,4,0.0
489,2/4/21,5,0.0
489,2/4/21,6,1575.0
489,2/4/21,7,11768.0
489,2/4/21,8,9385.0
489,2/4/21,9,27691.0
489,2/4/21,10,11193.0
489,2/4/21,11,11594.0
489,2/4/21,12,9846.0
489,2/4/21,13,23267.0
489,2/4/21,14,13526.0
489,2/4/21,15,12688.0
489,2/4/21,16,11657.0
489,2/4/21,17,9348.0
489,2/4/21,18,4262.0
489,2/4/21,19,3893.0
489,2/4/21,20,2193.0
489,2/4/21,21,73.0
489,2/4/21,22,0.0
489,2/4/21,23,0.0
489,2/5/21,0,13.0
489,2/5/21,1,0.0
489,2/5/21,2,0.0
489,2/5/21,3,22.0
489,2/5/21,4,0.0
489,2/5/21,5,0.0
489,2/5/21,6,8909.0
489,2/5/21,7,5867.0
489,2/5/21,8,5892.0
489,2/5/21,9,10598.0
489,2/5/21,10,15053.0
489,2/5/21,11,19357.0
489,2/5/21,12,13605.0
489,2/5/21,13,14129.0
489,2/5/21,14,22284.0
489,2/5/21,15,53607.0
489,2/5/21,16,58679.0
489,2/5/21,17,18489.0
489,2/5/21,18,34307.0
489,2/5/21,19,7545.0
489,2/5/21,20,4974.0
489,2/5/21,21,60.0
489,2/5/21,22,19.0
489,2/5/21,23,0.0
489,2/6/21,0,2.0
489,2/6/21,1,3.0
489,2/6/21,2,0.0
489,2/6/21,3,0.0
489,2/6/21,4,0.0
489,2/6/21,5,0.0
489,2/6/21,6,2538.0
489,2/6/21,7,2799.0
489,2/6/21,8,7681.0
489,2/6/21,9,11958.0
489,2/6/21,10,23743.0
489,2/6/21,11,25508.0
489,2/6/21,12,38484.0
489,2/6/21,13,28309.0
489,2/6/21,14,21571.0
489,2/6/21,15,16628.0
489,2/6/21,16,20017.0
489,2/6/21,17,9694.0
489,2/6/21,18,6778.0
489,2/6/21,19,3654.0
489,2/6/21,20,2663.0
489,2/6/21,21,3.0
489,2/6/21,22,0.0
489,2/6/21,23,44.0
489,2/7/21,0,0.0
489,2/7/21,1,0.0
489,2/7/21,2,0.0
489,2/7/21,3,0.0
489,2/7/21,4,28.0
489,2/7/21,5,4.0
489,2/7/21,6,0.0
489,2/7/21,7,839.0
489,2/7/21,8,2803.0
489,2/7/21,9,7633.0
489,2/7/21,10,7878.0
489,2/7/21,11,13599.0
489,2/7/21,12,13232.0
489,2/7/21,13,25148.0
489,2/7/21,14,19318.0
489,2/7/21,15,20063.0
489,2/7/21,16,12658.0
489,2/7/21,17,13503.0
489,2/7/21,18,1681.0
489,2/7/21,19,2180.0
489,2/7/21,20,13.0
489,2/7/21,21,19.0
489,2/7/21,22,0.0
489,2/7/21,23,0.0
489,2/8/21,0,0.0
489,2/8/21,1,0.0
489,2/8/21,2,0.0
489,2/8/21,3,0.0
489,2/8/21,4,0.0
489,2/8/21,5,0.0
489,2/8/21,6,1031.0
489,2/8/21,7,13238.0
489,2/8/21,8,2435.0
489,2/8/21,9,7237.0
489,2/8/21,10,18459.0
489,2/8/21,11,18346.0
489,2/8/21,12,18975.0
489,2/8/21,13,10936.0
489,2/8/21,14,11828.0
489,2/8/21,15,11729.0
489,2/8/21,16,11295.0
489,2/8/21,17,8128.0
489,2/8/21,18,5963.0
489,2/8/21,19,1482.0
489,2/8/21,20,3709.0
489,2/8/21,21,151.0
489,2/8/21,22,171.0
489,2/8/21,23,0.0
489,2/9/21,0,0.0
489,2/9/21,1,3.0
489,2/9/21,2,0.0
489,2/9/21,3,0.0
489,2/9/21,4,2.0
489,2/9/21,5,0.0
489,2/9/21,6,5649.0
489,2/9/21,7,7739.0
489,2/9/21,8,9833.0
489,2/9/21,9,16164.0
489,2/9/21,10,16975.0
489,2/9/21,11,14626.0
489,2/9/21,12,8581.0
489,2/9/21,13,10371.0
489,2/9/21,14,21579.0
489,2/9/21,15,8488.0
489,2/9/21,16,18772.0
489,2/9/21,17,8469.0
489,2/9/21,18,4450.0
489,2/9/21,19,6107.0
489,2/9/21,20,4269.0
489,2/9/21,21,50.0
489,2/9/21,22,0.0
489,2/9/21,23,0.0
489,2/10/21,0,0.0
489,2/10/21,1,0.0
489,2/10/21,2,0.0
489,2/10/21,3,0.0
489,2/10/21,4,2.0
489,2/10/21,5,0.0
489,2/10/21,6,5294.0
489,2/10/21,7,5636.0
489,2/10/21,8,10848.0
489,2/10/21,9,15094.0
489,2/10/21,10,24990.0
489,2/10/21,11,21253.0
489,2/10/21,12,16625.0
489,2/10/21,13,20720.0
489,2/10/21,14,18141.0
489,2/10/21,15,22967.0
489,2/10/21,16,5959.0
489,2/10/21,17,19727.0
489,2/10/21,18,21675.0
489,2/10/21,19,8655.0
489,2/10/21,20,943.0
489,2/10/21,21,197.0
489,2/10/21,22,0.0
489,2/10/21,23,0.0
489,2/11/21,0,0.0
489,2/11/21,1,0.0
489,2/11/21,2,0.0
489,2/11/21,3,0.0
489,2/11/21,4,0.0
489,2/11/21,5,40.0
489,2/11/21,6,3675.0
489,2/11/21,7,5325.0
489,2/11/21,8,8421.0
489,2/11/21,9,17681.0
489,2/11/21,10,17441.0
489,2/11/21,11,8560.0
489,2/11/21,12,23154.0
489,2/11/21,13,18204.0
489,2/11/21,14,21081.0
489,2/11/21,15,24101.0
489,2/11/21,16,19037.0
489,2/11/21,17,5562.0
489,2/11/21,18,5736.0
489,2/11/21,19,6247.0
489,2/11/21,20,1518.0
489,2/11/21,21,92.0
489,2/11/21,22,6.0
489,2/11/21,23,0.0
489,2/12/21,0,0.0
489,2/12/21,1,0.0
489,2/12/21,2,0.0
489,2/12/21,3,0.0
489,2/12/21,4,0.0
489,2/12/21,5,134.0
489,2/12/21,6,8098.0
489,2/12/21,7,3719.0
489,2/12/21,8,9450.0
489,2/12/21,9,8469.0
489,2/12/21,10,19644.0
489,2/12/21,11,15153.0
489,2/12/21,12,13074.0
489,2/12/21,13,17704.0
489,2/12/21,14,20584.0
489,2/12/21,15,60018.0
489,2/12/21,16,40516.0
489,2/12/21,17,10919.0
489,2/12/21,18,6460.0
489,2/12/21,19,7748.0
489,2/12/21,20,1210.0
489,2/12/21,21,68.0
489,2/12/21,22,0.0
489,2/12/21,23,0.0
489,2/13/21,0,0.0
489,2/13/21,1,34.0
489,2/13/21,2,0.0
489,2/13/21,3,0.0
489,2/13/21,4,27.0
489,2/13/21,5,0.0
489,2/13/21,6,3770.0
489,2/13/21,7,0.0
489,2/13/21,8,5518.0
489,2/13/21,9,12467.0
489,2/13/21,10,8665.0
489,2/13/21,11,22965.0
489,2/13/21,12,36951.0
489,2/13/21,13,34829.0
489,2/13/21,14,25027.0
489,2/13/21,15,32731.0
489,2/13/21,16,19955.0
489,2/13/21,17,22740.0
489,2/13/21,18,7345.0
489,2/13/21,19,1681.0
489,2/13/21,20,2126.0
489,2/13/21,21,6364.0
489,2/13/21,22,279.0
489,2/13/21,23,0.0
489,2/14/21,0,0.0
489,2/14/21,1,0.0
489,2/14/21,2,0.0
489,2/14/21,3,0.0
489,2/14/21,4,92.0
489,2/14/21,5,0.0
489,2/14/21,6,473.0
489,2/14/21,7,0.0
489,2/14/21,8,994.0
489,2/14/21,9,12005.0
489,2/14/21,10,9774.0
489,2/14/21,11,11938.0
489,2/14/21,12,18896.0
489,2/14/21,13,28295.0
489,2/14/21,14,33981.0
489,2/14/21,15,38739.0
489,2/14/21,16,25338.0
489,2/14/21,17,12590.0
489,2/14/21,18,3842.0
489,2/14/21,19,1891.0
489,2/14/21,20,172.0
489,2/14/21,21,0.0
489,2/14/21,22,0.0
489,2/14/21,23,0.0
489,2/15/21,0,0.0
489,2/15/21,1,0.0
489,2/15/21,2,0.0
489,2/15/21,3,0.0
489,2/15/21,4,427.0
489,2/15/21,5,29.0
489,2/15/21,6,3690.0
489,2/15/21,7,3848.0
489,2/15/21,8,13515.0
489,2/15/21,9,15742.0
489,2/15/21,10,18554.0
489,2/15/21,11,29438.0
489,2/15/21,12,23156.0
489,2/15/21,13,24916.0
489,2/15/21,14,15382.0
489,2/15/21,15,48968.0
489,2/15/21,16,10412.0
489,2/15/21,17,26135.0
489,2/15/21,18,6504.0
489,2/15/21,19,11463.0
489,2/15/21,20,1821.0
489,2/15/21,21,160.0
489,2/15/21,22,0.0
489,2/15/21,23,0.0
489,2/16/21,0,0.0
489,2/16/21,1,8.0
489,2/16/21,2,0.0
489,2/16/21,3,21.0
489,2/16/21,4,0.0
489,2/16/21,5,0.0
489,2/16/21,6,1777.0
489,2/16/21,7,4923.0
489,2/16/21,8,29326.0
489,2/16/21,9,14170.0
489,2/16/21,10,9706.0
489,2/16/21,11,14027.0
489,2/16/21,12,20497.0
489,2/16/21,13,26330.0
489,2/16/21,14,19694.0
489,2/16/21,15,17991.0
489,2/16/21,16,20375.0
489,2/16/21,17,9418.0
489,2/16/21,18,4749.0
489,2/16/21,19,6950.0
489,2/16/21,20,4741.0
489,2/16/21,21,153.0
489,2/16/21,22,0.0
489,2/16/21,23,0.0
489,2/17/21,0,0.0
489,2/17/21,1,0.0
489,2/17/21,2,0.0
489,2/17/21,3,0.0
489,2/17/21,4,449.0
489,2/17/21,5,10.0
489,2/17/21,6,6132.0
489,2/17/21,7,6586.0
489,2/17/21,8,5866.0
489,2/17/21,9,10549.0
489,2/17/21,10,15967.0
489,2/17/21,11,19714.0
489,2/17/21,12,5478.0
489,2/17/21,13,29665.0
489,2/17/21,14,41226.0
489,2/17/21,15,14377.0
489,2/17/21,16,11314.0
489,2/17/21,17,10697.0
489,2/17/21,18,12312.0
489,2/17/21,19,6333.0
489,2/17/21,20,7613.0
489,2/17/21,21,625.0
489,2/17/21,22,6.0
489,2/17/21,23,0.0
489,2/18/21,0,0.0
489,2/18/21,1,0.0
489,2/18/21,2,0.0
489,2/18/21,3,0.0
489,2/18/21,4,0.0
489,2/18/21,5,7.0
489,2/18/21,6,2362.0
489,2/18/21,7,10851.0
489,2/18/21,8,6576.0
489,2/18/21,9,6384.0
489,2/18/21,10,18750.0
489,2/18/21,11,13889.0
489,2/18/21,12,8446.0
489,2/18/21,13,10468.0
489,2/18/21,14,10463.0
489,2/18/21,15,14297.0
489,2/18/21,16,6872.0
489,2/18/21,17,5766.0
489,2/18/21,18,3545.0
489,2/18/21,19,5426.0
489,2/18/21,20,7119.0
489,2/18/21,21,333.0
489,2/18/21,22,0.0
489,2/18/21,23,0.0
489,2/19/21,0,0.0
489,2/19/21,1,2.0
489,2/19/21,2,0.0
489,2/19/21,3,0.0
489,2/19/21,4,15.0
489,2/19/21,5,24.0
489,2/19/21,6,1520.0
489,2/19/21,7,3209.0
489,2/19/21,8,6025.0
489,2/19/21,9,16232.0
489,2/19/21,10,9581.0
489,2/19/21,11,22962.0
489,2/19/21,12,44999.0
489,2/19/21,13,21731.0
489,2/19/21,14,16350.0
489,2/19/21,15,21703.0
489,2/19/21,16,14508.0
489,2/19/21,17,16889.0
489,2/19/21,18,13604.0
489,2/19/21,19,7552.0
489,2/19/21,20,9148.0
489,2/19/21,21,1240.0
489,2/19/21,22,2.0
489,2/19/21,23,0.0
489,2/20/21,0,0.0
489,2/20/21,1,18.0
489,2/20/21,2,0.0
489,2/20/21,3,0.0
489,2/20/21,4,0.0
489,2/20/21,5,8.0
489,2/20/21,6,3209.0
489,2/20/21,7,2559.0
489,2/20/21,8,6503.0
489,2/20/21,9,13099.0
489,2/20/21,10,12753.0
489,2/20/21,11,19628.0
489,2/20/21,12,30220.0
489,2/20/21,13,33846.0
489,2/20/21,14,31644.0
489,2/20/21,15,35643.0
489,2/20/21,16,31845.0
489,2/20/21,17,13530.0
489,2/20/21,18,16302.0
489,2/20/21,19,8710.0
489,2/20/21,20,3747.0
489,2/20/21,21,425.0
489,2/20/21,22,0.0
489,2/20/21,23,0.0
489,2/21/21,0,0.0
489,2/21/21,1,2.0
489,2/21/21,2,0.0
489,2/21/21,3,0.0
489,2/21/21,4,0.0
489,2/21/21,5,0.0
489,2/21/21,6,9.0
489,2/21/21,7,1160.0
489,2/21/21,8,2891.0
489,2/21/21,9,9288.0
489,2/21/21,10,12816.0
489,2/21/21,11,17260.0
489,2/21/21,12,16047.0
489,2/21/21,13,24236.0
489,2/21/21,14,27541.0
489,2/21/21,15,19828.0
489,2/21/21,16,29849.0
489,2/21/21,17,10301.0
489,2/21/21,18,1974.0
489,2/21/21,19,3072.0
489,2/21/21,20,1883.0
489,2/21/21,21,0.0
489,2/21/21,22,0.0
489,2/21/21,23,0.0
489,2/22/21,0,0.0
489,2/22/21,1,7.0
489,2/22/21,2,0.0
489,2/22/21,3,0.0
489,2/22/21,4,0.0
489,2/22/21,5,962.0
489,2/22/21,6,1825.0
489,2/22/21,7,11143.0
489,2/22/21,8,14258.0
489,2/22/21,9,8522.0
489,2/22/21,10,9377.0
489,2/22/21,11,6929.0
489,2/22/21,12,12821.0
489,2/22/21,13,16118.0
489,2/22/21,14,17801.0
489,2/22/21,15,20157.0
489,2/22/21,16,20406.0
489,2/22/21,17,9172.0
489,2/22/21,18,11458.0
489,2/22/21,19,4756.0
489,2/22/21,20,4041.0
489,2/22/21,21,836.0
489,2/22/21,22,45.0
489,2/22/21,23,0.0
489,2/23/21,0,41.0
489,2/23/21,1,0.0
489,2/23/21,2,0.0
489,2/23/21,3,0.0
489,2/23/21,4,4.0
489,2/23/21,5,0.0
489,2/23/21,6,2766.0
489,2/23/21,7,14573.0
489,2/23/21,8,28426.0
489,2/23/21,9,21147.0
489,2/23/21,10,21081.0
489,2/23/21,11,20149.0
489,2/23/21,12,15524.0
489,2/23/21,13,40609.0
489,2/23/21,14,39318.0
489,2/23/21,15,40786.0
489,2/23/21,16,29731.0
489,2/23/21,17,21920.0
489,2/23/21,18,11732.0
489,2/23/21,19,10107.0
489,2/23/21,20,2860.0
489,2/23/21,21,582.0
489,2/23/21,22,0.0
489,2/23/21,23,0.0
489,2/24/21,0,0.0
489,2/24/21,1,3.0
489,2/24/21,2,0.0
489,2/24/21,3,0.0
489,2/24/21,4,0.0
489,2/24/21,5,3230.0
489,2/24/21,6,1135.0
489,2/24/21,7,14952.0
489,2/24/21,8,9514.0
489,2/24/21,9,19984.0
489,2/24/21,10,16836.0
489,2/24/21,11,18378.0
489,2/24/21,12,20037.0
489,2/24/21,13,22672.0
489,2/24/21,14,15920.0
489,2/24/21,15,20371.0
489,2/24/21,16,8781.0
489,2/24/21,17,7507.0
489,2/24/21,18,15661.0
489,2/24/21,19,9018.0
489,2/24/21,20,3632.0
489,2/24/21,21,57.0
489,2/24/21,22,12.0
489,2/24/21,23,0.0
489,2/25/21,0,0.0
489,2/25/21,1,8.0
489,2/25/21,2,0.0
489,2/25/21,3,0.0
489,2/25/21,4,0.0
489,2/25/21,5,13.0
489,2/25/21,6,4196.0
489,2/25/21,7,5016.0
489,2/25/21,8,15091.0
489,2/25/21,9,8981.0
489,2/25/21,10,22606.0
489,2/25/21,11,27889.0
489,2/25/21,12,29404.0
489,2/25/21,13,14973.0
489,2/25/21,14,19125.0
489,2/25/21,15,17291.0
489,2/25/21,16,9391.0
489,2/25/21,17,36671.0
489,2/25/21,18,10261.0
489,2/25/21,19,7734.0
489,2/25/21,20,0.0
489,2/25/21,21,49.0
489,2/25/21,22,0.0
489,2/25/21,23,0.0
489,2/26/21,0,0.0
489,2/26/21,1,0.0
489,2/26/21,2,0.0
489,2/26/21,3,0.0
489,2/26/21,4,0.0
489,2/26/21,5,9.0
489,2/26/21,6,2638.0
489,2/26/21,7,3950.0
489,2/26/21,8,7794.0
489,2/26/21,9,30075.0
489,2/26/21,10,10947.0
489,2/26/21,11,16679.0
489,2/26/21,12,6020.0
489,2/26/21,13,17094.0
489,2/26/21,14,15874.0
489,2/26/21,15,35712.0
489,2/26/21,16,45439.0
489,2/26/21,17,28862.0
489,2/26/21,18,6400.0
489,2/26/21,19,6912.0
489,2/26/21,20,3604.0
489,2/26/21,21,81.0
489,2/26/21,22,56.0
489,2/26/21,23,0.0
489,2/27/21,0,71.0
489,2/27/21,1,32.0
489,2/27/21,2,0.0
489,2/27/21,3,0.0
489,2/27/21,4,180.0
489,2/27/21,5,22.0
489,2/27/21,6,1495.0
489,2/27/21,7,1533.0
489,2/27/21,8,12449.0
489,2/27/21,9,15614.0
489,2/27/21,10,23354.0
489,2/27/21,11,43840.0
489,2/27/21,12,32118.0
489,2/27/21,13,28321.0
489,2/27/21,14,38435.0
489,2/27/21,15,28312.0
489,2/27/21,16,15311.0
489,2/27/21,17,20412.0
489,2/27/21,18,7423.0
489,2/27/21,19,7575.0
489,2/27/21,20,2848.0
489,2/27/21,21,49.0
489,2/27/21,22,0.0
489,2/27/21,23,69.0
489,2/28/21,0,20.0
489,2/28/21,1,3.0
489,2/28/21,2,0.0
489,2/28/21,3,0.0
489,2/28/21,4,0.0
489,2/28/21,5,0.0
489,2/28/21,6,17.0
489,2/28/21,7,2154.0
489,2/28/21,8,2758.0
489,2/28/21,9,11200.0
489,2/28/21,10,18154.0
489,2/28/21,11,25749.0
489,2/28/21,12,23383.0
489,2/28/21,13,23002.0
489,2/28/21,14,23802.0
489,2/28/21,15,28496.0
489,2/28/21,16,15527.0
489,2/28/21,17,15275.0
489,2/28/21,18,6455.0
489,2/28/21,19,2212.0
489,2/28/21,20,96.0
489,2/28/21,21,6.0
489,2/28/21,22,0.0
489,2/28/21,23,0.0
489,3/1/21,0,4.0
489,3/1/21,1,1534.0
489,3/1/21,2,0.0
489,3/1/21,3,0.0
489,3/1/21,4,0.0
489,3/1/21,5,9.0
489,3/1/21,6,0.0
489,3/1/21,7,1305.0
489,3/1/21,8,5632.0
489,3/1/21,9,13601.0
489,3/1/21,10,11637.0
489,3/1/21,11,17120.0
489,3/1/21,12,16443.0
489,3/1/21,13,15276.0
489,3/1/21,14,14983.0
489,3/1/21,15,110351.0
489,3/1/21,16,10276.0
489,3/1/21,17,18943.0
489,3/1/21,18,8290.0
489,3/1/21,19,13166.0
489,3/1/21,20,4058.0
489,3/1/21,21,460.0
489,3/1/21,22,0.0
489,3/1/21,23,0.0
489,3/2/21,0,0.0
489,3/2/21,1,0.0
489,3/2/21,2,0.0
489,3/2/21,3,0.0
489,3/2/21,4,9.0
489,3/2/21,5,4.0
489,3/2/21,6,3202.0
489,3/2/21,7,7212.0
489,3/2/21,8,11161.0
489,3/2/21,9,9491.0
489,3/2/21,10,15384.0
489,3/2/21,11,15171.0
489,3/2/21,12,21364.0
489,3/2/21,13,24246.0
489,3/2/21,14,20692.0
489,3/2/21,15,31236.0
489,3/2/21,16,17145.0
489,3/2/21,17,9564.0
489,3/2/21,18,7805.0
489,3/2/21,19,8406.0
489,3/2/21,20,4005.0
489,3/2/21,21,0.0
489,3/2/21,22,0.0
489,3/2/21,23,0.0
489,3/3/21,0,0.0
489,3/3/21,1,106.0
489,3/3/21,2,18.0
489,3/3/21,3,0.0
489,3/3/21,4,12.0
489,3/3/21,5,0.0
489,3/3/21,6,22802.0
489,3/3/21,7,11292.0
489,3/3/21,8,8833.0
489,3/3/21,9,16852.0
489,3/3/21,10,21546.0
489,3/3/21,11,18152.0
489,3/3/21,12,18376.0
489,3/3/21,13,23048.0
489,3/3/21,14,15242.0
489,3/3/21,15,77666.0
489,3/3/21,16,34623.0
489,3/3/21,17,56894.0
489,3/3/21,18,25177.0
489,3/3/21,19,3172.0
489,3/3/21,20,3009.0
489,3/3/21,21,39.0
489,3/3/21,22,62.0
489,3/3/21,23,0.0
489,3/4/21,0,0.0
489,3/4/21,1,0.0
489,3/4/21,2,0.0
489,3/4/21,3,0.0
489,3/4/21,4,0.0
489,3/4/21,5,6.0
489,3/4/21,6,3193.0
489,3/4/21,7,7290.0
489,3/4/21,8,10402.0
489,3/4/21,9,44269.0
489,3/4/21,10,22820.0
489,3/4/21,11,20338.0
489,3/4/21,12,18492.0
489,3/4/21,13,15221.0
489,3/4/21,14,18666.0
489,3/4/21,15,19350.0
489,3/4/21,16,7675.0
489,3/4/21,17,15050.0
489,3/4/21,18,8469.0
489,3/4/21,19,23130.0
489,3/4/21,20,6307.0
489,3/4/21,21,1236.0
489,3/4/21,22,0.0
489,3/4/21,23,0.0
489,3/5/21,0,0.0
489,3/5/21,1,0.0
489,3/5/21,2,0.0
489,3/5/21,3,0.0
489,3/5/21,4,0.0
489,3/5/21,5,9.0
489,3/5/21,6,9890.0
489,3/5/21,7,5544.0
489,3/5/21,8,12482.0
489,3/5/21,9,12009.0
489,3/5/21,10,27378.0
489,3/5/21,11,29601.0
489,3/5/21,12,42888.0
489,3/5/21,13,50354.0
489,3/5/21,14,39257.0
489,3/5/21,15,33691.0
489,3/5/21,16,29045.0
489,3/5/21,17,12396.0
489,3/5/21,18,7487.0
489,3/5/21,19,8024.0
489,3/5/21,20,6410.0
489,3/5/21,21,553.0
489,3/5/21,22,5.0
489,3/5/21,23,0.0
489,3/6/21,0,0.0
489,3/6/21,1,0.0
489,3/6/21,2,0.0
489,3/6/21,3,0.0
489,3/6/21,4,0.0
489,3/6/21,5,9.0
489,3/6/21,6,1944.0
489,3/6/21,7,4712.0
489,3/6/21,8,8236.0
489,3/6/21,9,19125.0
489,3/6/21,10,65664.0
489,3/6/21,11,29085.0
489,3/6/21,12,44297.0
489,3/6/21,13,40701.0
489,3/6/21,14,51391.0
489,3/6/21,15,31972.0
489,3/6/21,16,30103.0
489,3/6/21,17,17136.0
489,3/6/21,18,16220.0
489,3/6/21,19,5626.0
489,3/6/21,20,3648.0
489,3/6/21,21,934.0
489,3/6/21,22,18.0
489,3/6/21,23,0.0
489,3/7/21,0,0.0
489,3/7/21,1,16.0
489,3/7/21,2,0.0
489,3/7/21,3,0.0
489,3/7/21,4,0.0
489,3/7/21,5,0.0
489,3/7/21,6,284.0
489,3/7/21,7,393.0
489,3/7/21,8,6138.0
489,3/7/21,9,12273.0
489,3/7/21,10,22332.0
489,3/7/21,11,25747.0
489,3/7/21,12,30662.0
489,3/7/21,13,33962.0
489,3/7/21,14,53042.0
489,3/7/21,15,22860.0
489,3/7/21,16,11944.0
489,3/7/21,17,14013.0
489,3/7/21,18,6386.0
489,3/7/21,19,4533.0
489,3/7/21,20,76.0
489,3/7/21,21,0.0
489,3/7/21,22,0.0
489,3/7/21,23,0.0
489,3/8/21,0,0.0
489,3/8/21,1,3.0
489,3/8/21,2,0.0
489,3/8/21,3,0.0
489,3/8/21,4,0.0
489,3/8/21,5,3.0
489,3/8/21,6,6518.0
489,3/8/21,7,5938.0
489,3/8/21,8,16915.0
489,3/8/21,9,28493.0
489,3/8/21,10,27909.0
489,3/8/21,11,13780.0
489,3/8/21,12,18297.0
489,3/8/21,13,24675.0
489,3/8/21,14,23089.0
489,3/8/21,15,23639.0
489,3/8/21,16,15050.0
489,3/8/21,17,12238.0
489,3/8/21,18,6272.0
489,3/8/21,19,5534.0
489,3/8/21,20,2399.0
489,3/8/21,21,549.0
489,3/8/21,22,22.0
489,3/8/21,23,0.0
489,3/9/21,0,0.0
489,3/9/21,1,19.0
489,3/9/21,2,0.0
489,3/9/21,3,0.0
489,3/9/21,4,0.0
489,3/9/21,5,1.0
489,3/9/21,6,8733.0
489,3/9/21,7,8298.0
489,3/9/21,8,17290.0
489,3/9/21,9,20865.0
489,3/9/21,10,24419.0
489,3/9/21,11,32567.0
489,3/9/21,12,25178.0
489,3/9/21,13,19984.0
489,3/9/21,14,28504.0
489,3/9/21,15,17444.0
489,3/9/21,16,12856.0
489,3/9/21,17,7164.0
489,3/9/21,18,5798.0
489,3/9/21,19,6121.0
489,3/9/21,20,2433.0
489,3/9/21,21,135.0
489,3/9/21,22,6.0
489,3/9/21,23,0.0
489,3/10/21,0,0.0
489,3/10/21,1,3.0
489,3/10/21,2,0.0
489,3/10/21,3,0.0
489,3/10/21,4,0.0
489,3/10/21,5,42.0
489,3/10/21,6,10345.0
489,3/10/21,7,9955.0
489,3/10/21,8,8529.0
489,3/10/21,9,20198.0
489,3/10/21,10,18580.0
489,3/10/21,11,23244.0
489,3/10/21,12,18789.0
489,3/10/21,13,18879.0
489,3/10/21,14,51301.0
489,3/10/21,15,18461.0
489,3/10/21,16,18359.0
489,3/10/21,17,11861.0
489,3/10/21,18,18025.0
489,3/10/21,19,27883.0
489,3/10/21,20,3632.0
489,3/10/21,21,1244.0
489,3/10/21,22,0.0
489,3/10/21,23,0.0
489,3/11/21,0,0.0
489,3/11/21,1,23.0
489,3/11/21,2,0.0
489,3/11/21,3,0.0
489,3/11/21,4,0.0
489,3/11/21,5,82.0
489,3/11/21,6,5812.0
489,3/11/21,7,10735.0
489,3/11/21,8,11763.0
489,3/11/21,9,19489.0
489,3/11/21,10,22823.0
489,3/11/21,11,18884.0
489,3/11/21,12,17381.0
489,3/11/21,13,24494.0
489,3/11/21,14,37613.0
489,3/11/21,15,33972.0
489,3/11/21,16,29104.0
489,3/11/21,17,36816.0
489,3/11/21,18,8771.0
489,3/11/21,19,6769.0
489,3/11/21,20,4831.0
489,3/11/21,21,877.0
489,3/11/21,22,0.0
489,3/11/21,23,0.0
489,3/12/21,0,0.0
489,3/12/21,1,0.0
489,3/12/21,2,0.0
489,3/12/21,3,0.0
489,3/12/21,4,21.0
489,3/12/21,5,0.0
489,3/12/21,6,6277.0
489,3/12/21,7,6020.0
489,3/12/21,8,24102.0
489,3/12/21,9,22989.0
489,3/12/21,10,24780.0
489,3/12/21,11,64336.0
489,3/12/21,12,31665.0
489,3/12/21,13,35112.0
489,3/12/21,14,19712.0
489,3/12/21,15,27709.0
489,3/12/21,16,21873.0
489,3/12/21,17,26920.0
489,3/12/21,18,3906.0
489,3/12/21,19,8359.0
489,3/12/21,20,4828.0
489,3/12/21,21,1012.0
489,3/12/21,22,197.0
489,3/12/21,23,1.0
489,3/13/21,0,26.0
489,3/13/21,1,3.0
489,3/13/21,2,0.0
489,3/13/21,3,0.0
489,3/13/21,4,80.0
489,3/13/21,5,0.0
489,3/13/21,6,6611.0
489,3/13/21,7,4542.0
489,3/13/21,8,12037.0
489,3/13/21,9,38436.0
489,3/13/21,10,43408.0
489,3/13/21,11,47133.0
489,3/13/21,12,39652.0
489,3/13/21,13,45552.0
489,3/13/21,14,42571.0
489,3/13/21,15,37074.0
489,3/13/21,16,23907.0
489,3/13/21,17,19474.0
489,3/13/21,18,7917.0
489,3/13/21,19,5394.0
489,3/13/21,20,3978.0
489,3/13/21,21,1939.0
489,3/13/21,22,35.0
489,3/13/21,23,0.0
489,3/14/21,0,0.0
489,3/14/21,1,0.0
489,3/14/21,2,0.0
489,3/14/21,3,0.0
489,3/14/21,4,69.0
489,3/14/21,5,0.0
489,3/14/21,6,0.0
489,3/14/21,7,801.0
489,3/14/21,8,5046.0
489,3/14/21,9,15367.0
489,3/14/21,10,29119.0
489,3/14/21,11,26920.0
489,3/14/21,12,30134.0
489,3/14/21,13,42770.0
489,3/14/21,14,43486.0
489,3/14/21,15,38035.0
489,3/14/21,16,26856.0
489,3/14/21,17,16247.0
489,3/14/21,18,8301.0
489,3/14/21,19,41839.0
489,3/14/21,20,1670.0
489,3/14/21,21,0.0
489,3/14/21,22,0.0
489,3/14/21,23,0.0
489,3/15/21,0,0.0
489,3/15/21,1,0.0
489,3/15/21,2,0.0
489,3/15/21,3,0.0
489,3/15/21,4,0.0
489,3/15/21,5,0.0
489,3/15/21,6,4150.0
489,3/15/21,7,6025.0
489,3/15/21,8,13418.0
489,3/15/21,9,16073.0
489,3/15/21,10,16790.0
489,3/15/21,11,14227.0
489,3/15/21,12,25881.0
489,3/15/21,13,28241.0
489,3/15/21,14,24338.0
489,3/15/21,15,19348.0
489,3/15/21,16,17341.0
489,3/15/21,17,33418.0
489,3/15/21,18,14013.0
489,3/15/21,19,10494.0
489,3/15/21,20,4848.0
489,3/15/21,21,1624.0
489,3/15/21,22,6.0
489,3/15/21,23,0.0
489,3/16/21,0,125.0
489,3/16/21,1,0.0
489,3/16/21,2,0.0
489,3/16/21,3,0.0
489,3/16/21,4,0.0
489,3/16/21,5,62.0
489,3/16/21,6,2462.0
489,3/16/21,7,8731.0
489,3/16/21,8,7191.0
489,3/16/21,9,10758.0
489,3/16/21,10,14727.0
489,3/16/21,11,13185.0
489,3/16/21,12,22372.0
489,3/16/21,13,24375.0
489,3/16/21,14,20548.0
489,3/16/21,15,15468.0
489,3/16/21,16,8402.0
489,3/16/21,17,26643.0
489,3/16/21,18,5946.0
489,3/16/21,19,9011.0
489,3/16/21,20,7031.0
489,3/16/21,21,0.0
489,3/16/21,22,63.0
489,3/16/21,23,0.0
489,3/17/21,0,0.0
489,3/17/21,1,0.0
489,3/17/21,2,0.0
489,3/17/21,3,0.0
489,3/17/21,4,0.0
489,3/17/21,5,0.0
489,3/17/21,6,2229.0
489,3/17/21,7,4065.0
489,3/17/21,8,8206.0
489,3/17/21,9,22315.0
489,3/17/21,10,19082.0
489,3/17/21,11,24227.0
489,3/17/21,12,22902.0
489,3/17/21,13,25291.0
489,3/17/21,14,23991.0
489,3/17/21,15,17578.0
489,3/17/21,16,20182.0
489,3/17/21,17,14746.0
489,3/17/21,18,10608.0
489,3/17/21,19,8504.0
489,3/17/21,20,247.0
489,3/17/21,21,388.0
489,3/17/21,22,0.0
489,3/17/21,23,0.0
489,3/18/21,0,0.0
489,3/18/21,1,152.0
489,3/18/21,2,0.0
489,3/18/21,3,0.0
489,3/18/21,4,0.0
489,3/18/21,5,0.0
489,3/18/21,6,4757.0
489,3/18/21,7,728.0
489,3/18/21,8,10728.0
489,3/18/21,9,8631.0
489,3/18/21,10,17018.0
489,3/18/21,11,14491.0
489,3/18/21,12,18756.0
489,3/18/21,13,24638.0
489,3/18/21,14,36363.0
489,3/18/21,15,48302.0
489,3/18/21,16,22430.0
489,3/18/21,17,11854.0
489,3/18/21,18,11480.0
489,3/18/21,19,19021.0
489,3/18/21,20,5063.0
489,3/18/21,21,1400.0
489,3/18/21,22,0.0
489,3/18/21,23,0.0
489,3/19/21,0,0.0
489,3/19/21,1,0.0
489,3/19/21,2,0.0
489,3/19/21,3,0.0
489,3/19/21,4,43.0
489,3/19/21,5,0.0
489,3/19/21,6,10736.0
489,3/19/21,7,2713.0
489,3/19/21,8,13562.0
489,3/19/21,9,21608.0
489,3/19/21,10,12138.0
489,3/19/21,11,14848.0
489,3/19/21,12,21125.0
489,3/19/21,13,22670.0
489,3/19/21,14,28824.0
489,3/19/21,15,24325.0
489,3/19/21,16,38263.0
489,3/19/21,17,13464.0
489,3/19/21,18,15797.0
489,3/19/21,19,10338.0
489,3/19/21,20,6967.0
489,3/19/21,21,3881.0
489,3/19/21,22,649.0
489,3/19/21,23,0.0
489,3/20/21,0,0.0
489,3/20/21,1,2434.0
489,3/20/21,2,0.0
489,3/20/21,3,0.0
489,3/20/21,4,35.0
489,3/20/21,5,14.0
489,3/20/21,6,5212.0
489,3/20/21,7,3310.0
489,3/20/21,8,7414.0
489,3/20/21,9,19993.0
489,3/20/21,10,25682.0
489,3/20/21,11,35690.0
489,3/20/21,12,44381.0
489,3/20/21,13,38177.0
489,3/20/21,14,45878.0
489,3/20/21,15,52232.0
489,3/20/21,16,26753.0
489,3/20/21,17,25078.0
489,3/20/21,18,12987.0
489,3/20/21,19,6806.0
489,3/20/21,20,5022.0
489,3/20/21,21,1236.0
489,3/20/21,22,63.0
489,3/20/21,23,356.0
489,3/21/21,0,0.0
489,3/21/21,1,0.0
489,3/21/21,2,0.0
489,3/21/21,3,0.0
489,3/21/21,4,0.0
489,3/21/21,5,0.0
489,3/21/21,6,69.0
489,3/21/21,7,5856.0
489,3/21/21,8,5254.0
489,3/21/21,9,9573.0
489,3/21/21,10,19977.0
489,3/21/21,11,42449.0
489,3/21/21,12,43629.0
489,3/21/21,13,41281.0
489,3/21/21,14,33730.0
489,3/21/21,15,42045.0
489,3/21/21,16,27579.0
489,3/21/21,17,20609.0
489,3/21/21,18,10318.0
489,3/21/21,19,7204.0
489,3/21/21,20,366.0
489,3/21/21,21,0.0
489,3/21/21,22,5.0
489,3/21/21,23,0.0
489,3/22/21,0,0.0
489,3/22/21,1,0.0
489,3/22/21,2,0.0
489,3/22/21,3,0.0
489,3/22/21,4,0.0
489,3/22/21,5,0.0
489,3/22/21,6,2668.0
489,3/22/21,7,7783.0
489,3/22/21,8,15874.0
489,3/22/21,9,20058.0
489,3/22/21,10,22323.0
489,3/22/21,11,21325.0
489,3/22/21,12,21478.0
489,3/22/21,13,26315.0
489,3/22/21,14,39647.0
489,3/22/21,15,22133.0
489,3/22/21,16,28379.0
489,3/22/21,17,14198.0
489,3/22/21,18,11272.0
489,3/22/21,19,14591.0
489,3/22/21,20,10451.0
489,3/22/21,21,2139.0
489,3/22/21,22,202.0
489,3/22/21,23,73.0
489,3/23/21,0,0.0
489,3/23/21,1,0.0
489,3/23/21,2,0.0
489,3/23/21,3,0.0
489,3/23/21,4,0.0
489,3/23/21,5,0.0
489,3/23/21,6,4586.0
489,3/23/21,7,6438.0
489,3/23/21,8,14034.0
489,3/23/21,9,17815.0
489,3/23/21,10,29379.0
489,3/23/21,11,41073.0
489,3/23/21,12,34576.0
489,3/23/21,13,12955.0
489,3/23/21,14,34978.0
489,3/23/21,15,19419.0
489,3/23/21,16,29011.0
489,3/23/21,17,11488.0
489,3/23/21,18,17155.0
489,3/23/21,19,8826.0
489,3/23/21,20,1888.0
489,3/23/21,21,4049.0
489,3/23/21,22,155.0
489,3/23/21,23,0.0
489,3/24/21,0,0.0
489,3/24/21,1,0.0
489,3/24/21,2,0.0
489,3/24/21,3,0.0
489,3/24/21,4,0.0
489,3/24/21,5,0.0
489,3/24/21,6,17999.0
489,3/24/21,7,3990.0
489,3/24/21,8,10140.0
489,3/24/21,9,22426.0
489,3/24/21,10,25170.0
489,3/24/21,11,28705.0
489,3/24/21,12,21134.0
489,3/24/21,13,22430.0
489,3/24/21,14,36712.0
489,3/24/21,15,26621.0
489,3/24/21,16,12010.0
489,3/24/21,17,6234.0
489,3/24/21,18,15458.0
489,3/24/21,19,0.0
489,3/24/21,20,3833.0
489,3/24/21,21,3803.0
489,3/24/21,22,188.0
489,3/24/21,23,0.0
489,3/25/21,0,20.0
489,3/25/21,1,0.0
489,3/25/21,2,0.0
489,3/25/21,3,0.0
489,3/25/21,4,0.0
489,3/25/21,5,0.0
489,3/25/21,6,8484.0
489,3/25/21,7,4324.0
489,3/25/21,8,16289.0
489,3/25/21,9,11493.0
489,3/25/21,10,13226.0
489,3/25/21,11,23699.0
489,3/25/21,12,9116.0
489,3/25/21,13,40295.0
489,3/25/21,14,33865.0
489,3/25/21,15,28395.0
489,3/25/21,16,15459.0
489,3/25/21,17,7914.0
489,3/25/21,18,3749.0
489,3/25/21,19,3890.0
489,3/25/21,20,1383.0
489,3/25/21,21,406.0
489,3/25/21,22,0.0
489,3/25/21,23,0.0
489,3/26/21,0,0.0
489,3/26/21,1,0.0
489,3/26/21,2,0.0
489,3/26/21,3,4.0
489,3/26/21,4,0.0
489,3/26/21,5,397.0
489,3/26/21,6,1243.0
489,3/26/21,7,11099.0
489,3/26/21,8,61069.0
489,3/26/21,9,23865.0
489,3/26/21,10,32889.0
489,3/26/21,11,24302.0
489,3/26/21,12,24029.0
489,3/26/21,13,26883.0
489,3/26/21,14,41279.0
489,3/26/21,15,33516.0
489,3/26/21,16,33860.0
489,3/26/21,17,15062.0
489,3/26/21,18,14767.0
489,3/26/21,19,17743.0
489,3/26/21,20,8278.0
489,3/26/21,21,5979.0
489,3/26/21,22,285.0
489,3/26/21,23,0.0
489,3/27/21,0,29.0
489,3/27/21,1,0.0
489,3/27/21,2,0.0
489,3/27/21,3,0.0
489,3/27/21,4,0.0
489,3/27/21,5,0.0
489,3/27/21,6,4573.0
489,3/27/21,7,3707.0
489,3/27/21,8,12048.0
489,3/27/21,9,23512.0
489,3/27/21,10,33619.0
489,3/27/21,11,53859.0
489,3/27/21,12,43769.0
489,3/27/21,13,43534.0
489,3/27/21,14,40876.0
489,3/27/21,15,32791.0
489,3/27/21,16,22643.0
489,3/27/21,17,18830.0
489,3/27/21,18,11263.0
489,3/27/21,19,15125.0
489,3/27/21,20,4826.0
489,3/27/21,21,2466.0
489,3/27/21,22,377.0
489,3/27/21,23,14.0
489,3/28/21,0,0.0
489,3/28/21,1,0.0
489,3/28/21,2,0.0
489,3/28/21,3,0.0
489,3/28/21,4,0.0
489,3/28/21,5,0.0
489,3/28/21,6,2929.0
489,3/28/21,7,681.0
489,3/28/21,8,6510.0
489,3/28/21,9,16505.0
489,3/28/21,10,21478.0
489,3/28/21,11,31943.0
489,3/28/21,12,36244.0
489,3/28/21,13,25147.0
489,3/28/21,14,27086.0
489,3/28/21,15,25125.0
489,3/28/21,16,24890.0
489,3/28/21,17,12944.0
489,3/28/21,18,12106.0
489,3/28/21,19,5194.0
489,3/28/21,20,3239.0
489,3/28/21,21,2.0
489,3/28/21,22,0.0
489,3/28/21,23,48.0
489,3/29/21,0,0.0
489,3/29/21,1,0.0
489,3/29/21,2,0.0
489,3/29/21,3,0.0
489,3/29/21,4,0.0
489,3/29/21,5,0.0
489,3/29/21,6,6589.0
489,3/29/21,7,7170.0
489,3/29/21,8,20605.0
489,3/29/21,9,21007.0
489,3/29/21,10,16428.0
489,3/29/21,11,20832.0
489,3/29/21,12,29720.0
489,3/29/21,13,26098.0
489,3/29/21,14,21395.0
489,3/29/21,15,16876.0
489,3/29/21,16,14223.0
489,3/29/21,17,22377.0
489,3/29/21,18,17869.0
489,3/29/21,19,10244.0
489,3/29/21,20,4879.0
489,3/29/21,21,1502.0
489,3/29/21,22,80.0
489,3/29/21,23,0.0
489,3/30/21,0,0.0
489,3/30/21,1,0.0
489,3/30/21,2,0.0
489,3/30/21,3,0.0
489,3/30/21,4,0.0
489,3/30/21,5,0.0
489,3/30/21,6,4643.0
489,3/30/21,7,6006.0
489,3/30/21,8,12523.0
489,3/30/21,9,20315.0
489,3/30/21,10,21375.0
489,3/30/21,11,18979.0
489,3/30/21,12,25822.0
489,3/30/21,13,23866.0
489,3/30/21,14,18607.0
489,3/30/21,15,18298.0
489,3/30/21,16,18206.0
489,3/30/21,17,21355.0
489,3/30/21,18,12986.0
489,3/30/21,19,9501.0
489,3/30/21,20,6009.0
489,3/30/21,21,900.0
489,3/30/21,22,0.0
489,3/30/21,23,0.0
489,3/31/21,0,0.0
489,3/31/21,1,10.0
489,3/31/21,2,0.0
489,3/31/21,3,0.0
489,3/31/21,4,1.0
489,3/31/21,5,63.0
489,3/31/21,6,3001.0
489,3/31/21,7,4784.0
489,3/31/21,8,6987.0
489,3/31/21,9,12451.0
489,3/31/21,10,18389.0
489,3/31/21,11,22472.0
489,3/31/21,12,14907.0
489,3/31/21,13,16784.0
489,3/31/21,14,18017.0
489,3/31/21,15,16428.0
489,3/31/21,16,22282.0
489,3/31/21,17,25062.0
489,3/31/21,18,13228.0
489,3/31/21,19,14792.0
489,3/31/21,20,7681.0
489,3/31/21,21,722.0
489,3/31/21,22,0.0
489,3/31/21,23,19.0
489,4/1/21,0,0.0
489,4/1/21,1,0.0
489,4/1/21,2,0.0
489,4/1/21,3,0.0
489,4/1/21,4,0.0
489,4/1/21,5,0.0
489,4/1/21,6,7251.0
489,4/1/21,7,9690.0
489,4/1/21,8,17854.0
489,4/1/21,9,19168.0
489,4/1/21,10,19830.0
489,4/1/21,11,37820.0
489,4/1/21,12,23173.0
489,4/1/21,13,19478.0
489,4/1/21,14,30806.0
489,4/1/21,15,36884.0
489,4/1/21,16,11322.0
489,4/1/21,17,44485.0
489,4/1/21,18,14576.0
489,4/1/21,19,12313.0
489,4/1/21,20,6586.0
489,4/1/21,21,5055.0
489,4/1/21,22,3.0
489,4/1/21,23,0.0
489,4/2/21,0,0.0
489,4/2/21,1,0.0
489,4/2/21,2,0.0
489,4/2/21,3,0.0
489,4/2/21,4,0.0
489,4/2/21,5,1049.0
489,4/2/21,6,3007.0
489,4/2/21,7,15162.0
489,4/2/21,8,13356.0
489,4/2/21,9,15458.0
489,4/2/21,10,25260.0
489,4/2/21,11,24563.0
489,4/2/21,12,30323.0
489,4/2/21,13,59988.0
489,4/2/21,14,23924.0
489,4/2/21,15,32677.0
489,4/2/21,16,28553.0
489,4/2/21,17,64140.0
489,4/2/21,18,24301.0
489,4/2/21,19,12064.0
489,4/2/21,20,2172.0
489,4/2/21,21,3610.0
489,4/2/21,22,293.0
489,4/2/21,23,50.0
489,4/3/21,0,0.0
489,4/3/21,1,0.0
489,4/3/21,2,0.0
489,4/3/21,3,0.0
489,4/3/21,4,0.0
489,4/3/21,5,0.0
489,4/3/21,6,2289.0
489,4/3/21,7,2415.0
489,4/3/21,8,9687.0
489,4/3/21,9,17481.0
489,4/3/21,10,27904.0
489,4/3/21,11,39142.0
489,4/3/21,12,38214.0
489,4/3/21,13,52538.0
489,4/3/21,14,46112.0
489,4/3/21,15,45356.0
489,4/3/21,16,35948.0
489,4/3/21,17,24150.0
489,4/3/21,18,17855.0
489,4/3/21,19,10931.0
489,4/3/21,20,6336.0
489,4/3/21,21,2148.0
489,4/3/21,22,1.0
489,4/3/21,23,582.0
489,4/4/21,0,0.0
489,4/4/21,1,0.0
489,4/4/21,2,0.0
489,4/4/21,3,0.0
489,4/4/21,4,0.0
489,4/4/21,5,0.0
489,4/4/21,6,0.0
489,4/4/21,7,0.0
489,4/4/21,8,0.0
489,4/4/21,9,0.0
489,4/4/21,10,0.0
489,4/4/21,11,0.0
489,4/4/21,12,0.0
489,4/4/21,13,0.0
489,4/4/21,14,0.0
489,4/4/21,15,0.0
489,4/4/21,16,0.0
489,4/4/21,17,0.0
489,4/4/21,18,0.0
489,4/4/21,19,0.0
489,4/4/21,20,0.0
489,4/4/21,21,0.0
489,4/4/21,22,0.0
489,4/4/21,23,0.0
489,4/5/21,0,0.0
489,4/5/21,1,0.0
489,4/5/21,2,0.0
489,4/5/21,3,0.0
489,4/5/21,4,243.0
489,4/5/21,5,0.0
489,4/5/21,6,7656.0
489,4/5/21,7,5287.0
489,4/5/21,8,18049.0
489,4/5/21,9,15676.0
489,4/5/21,10,33255.0
489,4/5/21,11,31917.0
489,4/5/21,12,28837.0
489,4/5/21,13,32839.0
489,4/5/21,14,23888.0
489,4/5/21,15,42889.0
489,4/5/21,16,33107.0
489,4/5/21,17,35483.0
489,4/5/21,18,30264.0
489,4/5/21,19,13864.0
489,4/5/21,20,6869.0
489,4/5/21,21,1386.0
489,4/5/21,22,651.0
489,4/5/21,23,0.0
489,4/6/21,0,33.0
489,4/6/21,1,0.0
489,4/6/21,2,0.0
489,4/6/21,3,0.0
489,4/6/21,4,0.0
489,4/6/21,5,0.0
489,4/6/21,6,5686.0
489,4/6/21,7,12896.0
489,4/6/21,8,10636.0
489,4/6/21,9,32509.0
489,4/6/21,10,47281.0
489,4/6/21,11,27232.0
489,4/6/21,12,28146.0
489,4/6/21,13,27158.0
489,4/6/21,14,41318.0
489,4/6/21,15,19314.0
489,4/6/21,16,25032.0
489,4/6/21,17,32047.0
489,4/6/21,18,15329.0
489,4/6/21,19,17145.0
489,4/6/21,20,10375.0
489,4/6/21,21,1961.0
489,4/6/21,22,145.0
489,4/6/21,23,63.0
489,4/7/21,0,0.0
489,4/7/21,1,0.0
489,4/7/21,2,0.0
489,4/7/21,3,0.0
489,4/7/21,4,0.0
489,4/7/21,5,0.0
489,4/7/21,6,2494.0
489,4/7/21,7,4042.0
489,4/7/21,8,14043.0
489,4/7/21,9,25813.0
489,4/7/21,10,25052.0
489,4/7/21,11,31030.0
489,4/7/21,12,31064.0
489,4/7/21,13,19558.0
489,4/7/21,14,32667.0
489,4/7/21,15,62534.0
489,4/7/21,16,26483.0
489,4/7/21,17,13848.0
489,4/7/21,18,21407.0
489,4/7/21,19,9276.0
489,4/7/21,20,5910.0
489,4/7/21,21,3000.0
489,4/7/21,22,4.0
489,4/7/21,23,43.0
489,4/8/21,0,0.0
489,4/8/21,1,0.0
489,4/8/21,2,0.0
489,4/8/21,3,0.0
489,4/8/21,4,0.0
489,4/8/21,5,5.0
489,4/8/21,6,4925.0
489,4/8/21,7,5043.0
489,4/8/21,8,20987.0
489,4/8/21,9,21090.0
489,4/8/21,10,32284.0
489,4/8/21,11,25760.0
489,4/8/21,12,34369.0
489,4/8/21,13,29565.0
489,4/8/21,14,41416.0
489,4/8/21,15,22550.0
489,4/8/21,16,11930.0
489,4/8/21,17,43937.0
489,4/8/21,18,9080.0
489,4/8/21,19,11355.0
489,4/8/21,20,8547.0
489,4/8/21,21,1955.0
489,4/8/21,22,21.0
489,4/8/21,23,49.0
489,4/9/21,0,13.0
489,4/9/21,1,19.0
489,4/9/21,2,0.0
489,4/9/21,3,8.0
489,4/9/21,4,0.0
489,4/9/21,5,0.0
489,4/9/21,6,5001.0
489,4/9/21,7,3905.0
489,4/9/21,8,20190.0
489,4/9/21,9,17788.0
489,4/9/21,10,30644.0
489,4/9/21,11,31820.0
489,4/9/21,12,29866.0
489,4/9/21,13,48437.0
489,4/9/21,14,34719.0
489,4/9/21,15,32841.0
489,4/9/21,16,22533.0
489,4/9/21,17,30579.0
489,4/9/21,18,19616.0
489,4/9/21,19,17730.0
489,4/9/21,20,10993.0
489,4/9/21,21,4754.0
489,4/9/21,22,197.0
489,4/9/21,23,0.0
489,4/10/21,0,6.0
489,4/10/21,1,4.0
489,4/10/21,2,0.0
489,4/10/21,3,0.0
489,4/10/21,4,0.0
489,4/10/21,5,5.0
489,4/10/21,6,2298.0
489,4/10/21,7,5262.0
489,4/10/21,8,17840.0
489,4/10/21,9,29721.0
489,4/10/21,10,34244.0
489,4/10/21,11,36820.0
489,4/10/21,12,43342.0
489,4/10/21,13,34293.0
489,4/10/21,14,40015.0
489,4/10/21,15,29418.0
489,4/10/21,16,17866.0
489,4/10/21,17,16179.0
489,4/10/21,18,9549.0
489,4/10/21,19,7940.0
489,4/10/21,20,13502.0
489,4/10/21,21,986.0
489,4/10/21,22,105.0
489,4/10/21,23,0.0
489,4/11/21,0,0.0
489,4/11/21,1,21.0
489,4/11/21,2,0.0
489,4/11/21,3,0.0
489,4/11/21,4,0.0
489,4/11/21,5,0.0
489,4/11/21,6,4866.0
489,4/11/21,7,29.0
489,4/11/21,8,11626.0
489,4/11/21,9,16400.0
489,4/11/21,10,28949.0
489,4/11/21,11,40714.0
489,4/11/21,12,38044.0
489,4/11/21,13,42230.0
489,4/11/21,14,37483.0
489,4/11/21,15,26012.0
489,4/11/21,16,30475.0
489,4/11/21,17,21339.0
489,4/11/21,18,10172.0
489,4/11/21,19,9331.0
489,4/11/21,20,2194.0
489,4/11/21,21,0.0
489,4/11/21,22,0.0
489,4/11/21,23,0.0
489,4/12/21,0,0.0
489,4/12/21,1,0.0
489,4/12/21,2,0.0
489,4/12/21,3,0.0
489,4/12/21,4,0.0
489,4/12/21,5,22.0
489,4/12/21,6,3072.0
489,4/12/21,7,3370.0
489,4/12/21,8,9208.0
489,4/12/21,9,14088.0
489,4/12/21,10,22643.0
489,4/12/21,11,25314.0
489,4/12/21,12,31720.0
489,4/12/21,13,39255.0
489,4/12/21,14,20054.0
489,4/12/21,15,30692.0
489,4/12/21,16,17074.0
489,4/12/21,17,18364.0
489,4/12/21,18,8894.0
489,4/12/21,19,10071.0
489,4/12/21,20,8497.0
489,4/12/21,21,5687.0
489,4/12/21,22,31.0
489,4/12/21,23,0.0
489,4/13/21,0,0.0
489,4/13/21,1,1683.0
489,4/13/21,2,0.0
489,4/13/21,3,0.0
489,4/13/21,4,0.0
489,4/13/21,5,30.0
489,4/13/21,6,1700.0
489,4/13/21,7,9488.0
489,4/13/21,8,15775.0
489,4/13/21,9,19239.0
489,4/13/21,10,27608.0
489,4/13/21,11,36992.0
489,4/13/21,12,42889.0
489,4/13/21,13,29292.0
489,4/13/21,14,25059.0
489,4/13/21,15,22133.0
489,4/13/21,16,12183.0
489,4/13/21,17,31407.0
489,4/13/21,18,9490.0
489,4/13/21,19,8592.0
489,4/13/21,20,7602.0
489,4/13/21,21,1771.0
489,4/13/21,22,291.0
489,4/13/21,23,0.0
489,4/14/21,0,0.0
489,4/14/21,1,0.0
489,4/14/21,2,0.0
489,4/14/21,3,0.0
489,4/14/21,4,0.0
489,4/14/21,5,0.0
489,4/14/21,6,1159.0
489,4/14/21,7,6351.0
489,4/14/21,8,17970.0
489,4/14/21,9,12831.0
489,4/14/21,10,37787.0
489,4/14/21,11,32559.0
489,4/14/21,12,31136.0
489,4/14/21,13,26807.0
489,4/14/21,14,25306.0
489,4/14/21,15,27726.0
489,4/14/21,16,16216.0
489,4/14/21,17,12808.0
489,4/14/21,18,28681.0
489,4/14/21,19,12533.0
489,4/14/21,20,13105.0
489,4/14/21,21,2357.0
489,4/14/21,22,5.0
489,4/14/21,23,0.0
489,4/15/21,0,0.0
489,4/15/21,1,0.0
489,4/15/21,2,0.0
489,4/15/21,3,0.0
489,4/15/21,4,0.0
489,4/15/21,5,0.0
489,4/15/21,6,3218.0
489,4/15/21,7,19495.0
489,4/15/21,8,12958.0
489,4/15/21,9,16982.0
489,4/15/21,10,24869.0
489,4/15/21,11,21870.0
489,4/15/21,12,19412.0
489,4/15/21,13,31964.0
489,4/15/21,14,16998.0
489,4/15/21,15,24458.0
489,4/15/21,16,17819.0
489,4/15/21,17,17628.0
489,4/15/21,18,14322.0
489,4/15/21,19,11234.0
489,4/15/21,20,6432.0
489,4/15/21,21,366.0
489,4/15/21,22,0.0
489,4/15/21,23,0.0
489,4/16/21,0,0.0
489,4/16/21,1,88.0
489,4/16/21,2,0.0
489,4/16/21,3,7.0
489,4/16/21,4,0.0
489,4/16/21,5,45.0
489,4/16/21,6,3204.0
489,4/16/21,7,9570.0
489,4/16/21,8,16085.0
489,4/16/21,9,25731.0
489,4/16/21,10,19109.0
489,4/16/21,11,31707.0
489,4/16/21,12,28403.0
489,4/16/21,13,43134.0
489,4/16/21,14,29383.0
489,4/16/21,15,34306.0
489,4/16/21,16,24510.0
489,4/16/21,17,41804.0
489,4/16/21,18,13158.0
489,4/16/21,19,17491.0
489,4/16/21,20,13805.0
489,4/16/21,21,6663.0
489,4/16/21,22,330.0
489,4/16/21,23,0.0
489,4/17/21,0,0.0
489,4/17/21,1,120.0
489,4/17/21,2,0.0
489,4/17/21,3,0.0
489,4/17/21,4,0.0
489,4/17/21,5,3.0
489,4/17/21,6,7068.0
489,4/17/21,7,5347.0
489,4/17/21,8,16996.0
489,4/17/21,9,20022.0
489,4/17/21,10,35662.0
489,4/17/21,11,47756.0
489,4/17/21,12,39224.0
489,4/17/21,13,39280.0
489,4/17/21,14,43197.0
489,4/17/21,15,43481.0
489,4/17/21,16,27323.0
489,4/17/21,17,19200.0
489,4/17/21,18,17879.0
489,4/17/21,19,16197.0
489,4/17/21,20,7256.0
489,4/17/21,21,3308.0
489,4/17/21,22,67.0
489,4/17/21,23,15.0
489,4/18/21,0,0.0
489,4/18/21,1,0.0
489,4/18/21,2,0.0
489,4/18/21,3,0.0
489,4/18/21,4,0.0
489,4/18/21,5,7.0
489,4/18/21,6,0.0
489,4/18/21,7,448.0
489,4/18/21,8,16453.0
489,4/18/21,9,19049.0
489,4/18/21,10,28308.0
489,4/18/21,11,38112.0
489,4/18/21,12,27998.0
489,4/18/21,13,46736.0
489,4/18/21,14,48221.0
489,4/18/21,15,36792.0
489,4/18/21,16,27831.0
489,4/18/21,17,22660.0
489,4/18/21,18,15238.0
489,4/18/21,19,7930.0
489,4/18/21,20,2674.0
489,4/18/21,21,0.0
489,4/18/21,22,2.0
489,4/18/21,23,0.0
489,4/19/21,0,0.0
489,4/19/21,1,0.0
489,4/19/21,2,0.0
489,4/19/21,3,3.0
489,4/19/21,4,0.0
489,4/19/21,5,9.0
489,4/19/21,6,1741.0
489,4/19/21,7,26567.0
489,4/19/21,8,14477.0
489,4/19/21,9,20367.0
489,4/19/21,10,23841.0
489,4/19/21,11,27441.0
489,4/19/21,12,22276.0
489,4/19/21,13,38238.0
489,4/19/21,14,26120.0
489,4/19/21,15,24118.0
489,4/19/21,16,24675.0
489,4/19/21,17,20256.0
489,4/19/21,18,9082.0
489,4/19/21,19,10714.0
489,4/19/21,20,5058.0
489,4/19/21,21,4083.0
489,4/19/21,22,431.0
489,4/19/21,23,0.0
489,4/20/21,0,0.0
489,4/20/21,1,54.0
489,4/20/21,2,0.0
489,4/20/21,3,0.0
489,4/20/21,4,0.0
489,4/20/21,5,0.0
489,4/20/21,6,6587.0
489,4/20/21,7,3655.0
489,4/20/21,8,12723.0
489,4/20/21,9,35149.0
489,4/20/21,10,36621.0
489,4/20/21,11,31336.0
489,4/20/21,12,29828.0
489,4/20/21,13,20810.0
489,4/20/21,14,20978.0
489,4/20/21,15,35077.0
489,4/20/21,16,25462.0
489,4/20/21,17,12234.0
489,4/20/21,18,14677.0
489,4/20/21,19,17346.0
489,4/20/21,20,7850.0
489,4/20/21,21,6871.0
489,4/20/21,22,0.0
489,4/20/21,23,0.0
489,4/21/21,0,0.0
489,4/21/21,1,0.0
489,4/21/21,2,0.0
489,4/21/21,3,0.0
489,4/21/21,4,0.0
489,4/21/21,5,0.0
489,4/21/21,6,4036.0
489,4/21/21,7,6514.0
489,4/21/21,8,14790.0
489,4/21/21,9,14182.0
489,4/21/21,10,26593.0
489,4/21/21,11,45917.0
489,4/21/21,12,30034.0
489,4/21/21,13,27606.0
489,4/21/21,14,22616.0
489,4/21/21,15,27112.0
489,4/21/21,16,22856.0
489,4/21/21,17,11598.0
489,4/21/21,18,20229.0
489,4/21/21,19,17058.0
489,4/21/21,20,7106.0
489,4/21/21,21,1386.0
489,4/21/21,22,23.0
489,4/21/21,23,18.0
489,4/22/21,0,0.0
489,4/22/21,1,214.0
489,4/22/21,2,0.0
489,4/22/21,3,0.0
489,4/22/21,4,0.0
489,4/22/21,5,3.0
489,4/22/21,6,14178.0
489,4/22/21,7,8707.0
489,4/22/21,8,24587.0
489,4/22/21,9,13187.0
489,4/22/21,10,27030.0
489,4/22/21,11,24056.0
489,4/22/21,12,23181.0
489,4/22/21,13,32784.0
489,4/22/21,14,25768.0
489,4/22/21,15,13394.0
489,4/22/21,16,18542.0
489,4/22/21,17,32897.0
489,4/22/21,18,9731.0
489,4/22/21,19,7259.0
489,4/22/21,20,9406.0
489,4/22/21,21,400.0
489,4/22/21,22,665.0
489,4/22/21,23,0.0
489,4/23/21,0,0.0
489,4/23/21,1,9820.0
489,4/23/21,2,0.0
489,4/23/21,3,0.0
489,4/23/21,4,0.0
489,4/23/21,5,0.0
489,4/23/21,6,9009.0
489,4/23/21,7,6340.0
489,4/23/21,8,12748.0
489,4/23/21,9,24700.0
489,4/23/21,10,16405.0
489,4/23/21,11,20984.0
489,4/23/21,12,32442.0
489,4/23/21,13,32987.0
489,4/23/21,14,19044.0
489,4/23/21,15,16487.0
489,4/23/21,16,30322.0
489,4/23/21,17,9855.0
489,4/23/21,18,6895.0
489,4/23/21,19,10772.0
489,4/23/21,20,26905.0
489,4/23/21,21,1205.0
489,4/23/21,22,234.0
489,4/23/21,23,0.0
489,4/24/21,0,0.0
489,4/24/21,1,0.0
489,4/24/21,2,0.0
489,4/24/21,3,0.0
489,4/24/21,4,0.0
489,4/24/21,5,0.0
489,4/24/21,6,1800.0
489,4/24/21,7,3780.0
489,4/24/21,8,6211.0
489,4/24/21,9,21477.0
489,4/24/21,10,29975.0
489,4/24/21,11,69464.0
489,4/24/21,12,48200.0
489,4/24/21,13,23106.0
489,4/24/21,14,32062.0
489,4/24/21,15,28312.0
489,4/24/21,16,15156.0
489,4/24/21,17,8322.0
489,4/24/21,18,10254.0
489,4/24/21,19,8495.0
489,4/24/21,20,3373.0
489,4/24/21,21,2088.0
489,4/24/21,22,161.0
489,4/24/21,23,0.0
489,4/25/21,0,4.0
489,4/25/21,1,0.0
489,4/25/21,2,0.0
489,4/25/21,3,0.0
489,4/25/21,4,0.0
489,4/25/21,5,0.0
489,4/25/21,6,0.0
489,4/25/21,7,4438.0
489,4/25/21,8,6477.0
489,4/25/21,9,27743.0
489,4/25/21,10,30482.0
489,4/25/21,11,32959.0
489,4/25/21,12,37919.0
489,4/25/21,13,31602.0
489,4/25/21,14,37660.0
489,4/25/21,15,26413.0
489,4/25/21,16,13584.0
489,4/25/21,17,15921.0
489,4/25/21,18,13642.0
489,4/25/21,19,1760.0
489,4/25/21,20,8071.0
489,4/25/21,21,0.0
489,4/25/21,22,0.0
489,4/25/21,23,0.0
489,4/26/21,0,0.0
489,4/26/21,1,2.0
489,4/26/21,2,0.0
489,4/26/21,3,0.0
489,4/26/21,4,0.0
489,4/26/21,5,0.0
489,4/26/21,6,2646.0
489,4/26/21,7,5235.0
489,4/26/21,8,11893.0
489,4/26/21,9,24253.0
489,4/26/21,10,20080.0
489,4/26/21,11,35753.0
489,4/26/21,12,34449.0
489,4/26/21,13,29930.0
489,4/26/21,14,32058.0
489,4/26/21,15,17809.0
489,4/26/21,16,24265.0
489,4/26/21,17,18720.0
489,4/26/21,18,9671.0
489,4/26/21,19,19797.0
489,4/26/21,20,9455.0
489,4/26/21,21,0.0
489,4/26/21,22,809.0
489,4/26/21,23,0.0
489,4/27/21,0,0.0
489,4/27/21,1,103.0
489,4/27/21,2,0.0
489,4/27/21,3,0.0
489,4/27/21,4,0.0
489,4/27/21,5,0.0
489,4/27/21,6,4402.0
489,4/27/21,7,9553.0
489,4/27/21,8,11313.0
489,4/27/21,9,18717.0
489,4/27/21,10,51896.0
489,4/27/21,11,33205.0
489,4/27/21,12,23473.0
489,4/27/21,13,28413.0
489,4/27/21,14,37035.0
489,4/27/21,15,30170.0
489,4/27/21,16,23256.0
489,4/27/21,17,22263.0
489,4/27/21,18,17206.0
489,4/27/21,19,10196.0
489,4/27/21,20,9439.0
489,4/27/21,21,2194.0
489,4/27/21,22,471.0
489,4/27/21,23,0.0
489,4/28/21,0,0.0
489,4/28/21,1,2.0
489,4/28/21,2,0.0
489,4/28/21,3,0.0
489,4/28/21,4,0.0
489,4/28/21,5,18.0
489,4/28/21,6,4701.0
489,4/28/21,7,12635.0
489,4/28/21,8,13760.0
489,4/28/21,9,26189.0
489,4/28/21,10,20209.0
489,4/28/21,11,38788.0
489,4/28/21,12,21630.0
489,4/28/21,13,33332.0
489,4/28/21,14,16151.0
489,4/28/21,15,31830.0
489,4/28/21,16,17663.0
489,4/28/21,17,12779.0
489,4/28/21,18,8949.0
489,4/28/21,19,21496.0
489,4/28/21,20,8552.0
489,4/28/21,21,8971.0
489,4/28/21,22,0.0
489,4/28/21,23,30.0
489,4/29/21,0,0.0
489,4/29/21,1,75.0
489,4/29/21,2,0.0
489,4/29/21,3,0.0
489,4/29/21,4,0.0
489,4/29/21,5,436.0
489,4/29/21,6,11446.0
489,4/29/21,7,6456.0
489,4/29/21,8,21977.0
489,4/29/21,9,22101.0
489,4/29/21,10,16699.0
489,4/29/21,11,20968.0
489,4/29/21,12,32444.0
489,4/29/21,13,21394.0
489,4/29/21,14,69146.0
489,4/29/21,15,33200.0
489,4/29/21,16,41943.0
489,4/29/21,17,19081.0
489,4/29/21,18,11047.0
489,4/29/21,19,11881.0
489,4/29/21,20,4961.0
489,4/29/21,21,1312.0
489,4/29/21,22,298.0
489,4/29/21,23,0.0
489,4/30/21,0,15.0
489,4/30/21,1,0.0
489,4/30/21,2,0.0
489,4/30/21,3,0.0
489,4/30/21,4,4.0
489,4/30/21,5,5.0
489,4/30/21,6,1118.0
489,4/30/21,7,6854.0
489,4/30/21,8,27166.0
489,4/30/21,9,22153.0
489,4/30/21,10,21997.0
489,4/30/21,11,22582.0
489,4/30/21,12,46848.0
489,4/30/21,13,81830.0
489,4/30/21,14,33021.0
489,4/30/21,15,27415.0
489,4/30/21,16,86451.0
489,4/30/21,17,27833.0
489,4/30/21,18,31933.0
489,4/30/21,19,31188.0
489,4/30/21,20,14824.0
489,4/30/21,21,6562.0
489,4/30/21,22,12.0
489,4/30/21,23,0.0
489,5/1/21,0,0.0
489,5/1/21,1,0.0
489,5/1/21,2,0.0
489,5/1/21,3,0.0
489,5/1/21,4,5.0
489,5/1/21,5,11.0
489,5/1/21,6,2157.0
489,5/1/21,7,8410.0
489,5/1/21,8,18026.0
489,5/1/21,9,21811.0
489,5/1/21,10,34266.0
489,5/1/21,11,47237.0
489,5/1/21,12,47705.0
489,5/1/21,13,38034.0
489,5/1/21,14,39681.0
489,5/1/21,15,34005.0
489,5/1/21,16,26196.0
489,5/1/21,17,16174.0
489,5/1/21,18,20763.0
489,5/1/21,19,9148.0
489,5/1/21,20,5839.0
489,5/1/21,21,2796.0
489,5/1/21,22,176.0
489,5/1/21,23,29.0
489,5/2/21,0,0.0
489,5/2/21,1,0.0
489,5/2/21,2,0.0
489,5/2/21,3,0.0
489,5/2/21,4,0.0
489,5/2/21,5,0.0
489,5/2/21,6,9.0
489,5/2/21,7,4267.0
489,5/2/21,8,6540.0
489,5/2/21,9,20098.0
489,5/2/21,10,24246.0
489,5/2/21,11,35066.0
489,5/2/21,12,32570.0
489,5/2/21,13,41188.0
489,5/2/21,14,32505.0
489,5/2/21,15,39798.0
489,5/2/21,16,21958.0
489,5/2/21,17,17294.0
489,5/2/21,18,15490.0
489,5/2/21,19,7061.0
489,5/2/21,20,1485.0
489,5/2/21,21,14.0
489,5/2/21,22,0.0
489,5/2/21,23,20.0
489,5/3/21,0,0.0
489,5/3/21,1,11.0
489,5/3/21,2,0.0
489,5/3/21,3,0.0
489,5/3/21,4,0.0
489,5/3/21,5,0.0
489,5/3/21,6,5675.0
489,5/3/21,7,5440.0
489,5/3/21,8,10103.0
489,5/3/21,9,20341.0
489,5/3/21,10,51425.0
489,5/3/21,11,16593.0
489,5/3/21,12,12083.0
489,5/3/21,13,24420.0
489,5/3/21,14,25938.0
489,5/3/21,15,20246.0
489,5/3/21,16,24795.0
489,5/3/21,17,11460.0
489,5/3/21,18,13249.0
489,5/3/21,19,11390.0
489,5/3/21,20,6742.0
489,5/3/21,21,0.0
489,5/3/21,22,154.0
489,5/3/21,23,0.0
489,5/4/21,0,18.0
489,5/4/21,1,0.0
489,5/4/21,2,0.0
489,5/4/21,3,0.0
489,5/4/21,4,0.0
489,5/4/21,5,0.0
489,5/4/21,6,5751.0
489,5/4/21,7,7831.0
489,5/4/21,8,11862.0
489,5/4/21,9,24218.0
489,5/4/21,10,21291.0
489,5/4/21,11,22447.0
489,5/4/21,12,18523.0
489,5/4/21,13,29808.0
489,5/4/21,14,20376.0
489,5/4/21,15,14299.0
489,5/4/21,16,5662.0
489,5/4/21,17,9547.0
489,5/4/21,18,6200.0
489,5/4/21,19,14470.0
489,5/4/21,20,11278.0
489,5/4/21,21,1460.0
489,5/4/21,22,103.0
489,5/4/21,23,14.0
489,5/5/21,0,0.0
489,5/5/21,1,3.0
489,5/5/21,2,0.0
489,5/5/21,3,0.0
489,5/5/21,4,0.0
489,5/5/21,5,0.0
489,5/5/21,6,13698.0
489,5/5/21,7,9695.0
489,5/5/21,8,31103.0
489,5/5/21,9,28534.0
489,5/5/21,10,24131.0
489,5/5/21,11,35167.0
489,5/5/21,12,25630.0
489,5/5/21,13,32933.0
489,5/5/21,14,39362.0
489,5/5/21,15,15688.0
489,5/5/21,16,56682.0
489,5/5/21,17,8926.0
489,5/5/21,18,8887.0
489,5/5/21,19,6911.0
489,5/5/21,20,4258.0
489,5/5/21,21,2479.0
489,5/5/21,22,455.0
489,5/5/21,23,0.0
489,5/6/21,0,0.0
489,5/6/21,1,6667.0
489,5/6/21,2,0.0
489,5/6/21,3,0.0
489,5/6/21,4,0.0
489,5/6/21,5,0.0
489,5/6/21,6,5392.0
489,5/6/21,7,40093.0
489,5/6/21,8,14248.0
489,5/6/21,9,22391.0
489,5/6/21,10,21897.0
489,5/6/21,11,20172.0
489,5/6/21,12,16400.0
489,5/6/21,13,18358.0
489,5/6/21,14,20052.0
489,5/6/21,15,23187.0
489,5/6/21,16,15903.0
489,5/6/21,17,13825.0
489,5/6/21,18,9271.0
489,5/6/21,19,10847.0
489,5/6/21,20,6224.0
489,5/6/21,21,1280.0
489,5/6/21,22,95.0
489,5/6/21,23,0.0
489,5/7/21,0,5.0
489,5/7/21,1,0.0
489,5/7/21,2,0.0
489,5/7/21,3,0.0
489,5/7/21,4,0.0
489,5/7/21,5,294.0
489,5/7/21,6,2472.0
489,5/7/21,7,14030.0
489,5/7/21,8,12803.0
489,5/7/21,9,26892.0
489,5/7/21,10,27060.0
489,5/7/21,11,27156.0
489,5/7/21,12,33128.0
489,5/7/21,13,22795.0
489,5/7/21,14,21752.0
489,5/7/21,15,29781.0
489,5/7/21,16,37282.0
489,5/7/21,17,17626.0
489,5/7/21,18,25546.0
489,5/7/21,19,11402.0
489,5/7/21,20,6673.0
489,5/7/21,21,2610.0
489,5/7/21,22,40.0
489,5/7/21,23,0.0
489,5/8/21,0,0.0
489,5/8/21,1,15.0
489,5/8/21,2,0.0
489,5/8/21,3,0.0
489,5/8/21,4,0.0
489,5/8/21,5,35.0
489,5/8/21,6,4508.0
489,5/8/21,7,47004.0
489,5/8/21,8,14085.0
489,5/8/21,9,14186.0
489,5/8/21,10,33038.0
489,5/8/21,11,35399.0
489,5/8/21,12,31970.0
489,5/8/21,13,34823.0
489,5/8/21,14,31158.0
489,5/8/21,15,34070.0
489,5/8/21,16,20191.0
489,5/8/21,17,15843.0
489,5/8/21,18,13217.0
489,5/8/21,19,14049.0
489,5/8/21,20,10609.0
489,5/8/21,21,3631.0
489,5/8/21,22,122.0
489,5/8/21,23,0.0
489,5/9/21,0,0.0
489,5/9/21,1,0.0
489,5/9/21,2,0.0
489,5/9/21,3,0.0
489,5/9/21,4,0.0
489,5/9/21,5,45.0
489,5/9/21,6,16.0
489,5/9/21,7,1796.0
489,5/9/21,8,5607.0
489,5/9/21,9,10043.0
489,5/9/21,10,15428.0
489,5/9/21,11,22397.0
489,5/9/21,12,27929.0
489,5/9/21,13,22783.0
489,5/9/21,14,24657.0
489,5/9/21,15,31866.0
489,5/9/21,16,18969.0
489,5/9/21,17,12008.0
489,5/9/21,18,7672.0
489,5/9/21,19,7023.0
489,5/9/21,20,345.0
